cell,PI,DI,PDI,rH 5,rH 10,rH 15,rH 20,rH 25,rH 30,rH 35,rH 40,rH 45,rH 50,rH 55,rH 60,rH 65,rH 70,rH 75,rH 80,rH 85,rH 90,rH 95,rH 100,rH max loc,rH min loc,rH diff max loc,rH diff min loc,bound inner num 5,bound inner num 10,bound inner num 15,bound inner num 20,bound inner num 25,bound inner num 30,bound inner num 35,bound inner num 40,bound inner num 45,bound inner num 50,bound inner num 55,bound inner num 60,bound inner num 65,bound inner num 70,bound inner num 75,bound inner num 80,bound inner num 85,bound inner num 90,bound inner num 95,bound inner num 100,bound outer num 5,bound outer num 10,bound outer num 15,bound outer num 20,bound outer num 25,bound outer num 30,bound outer num 35,bound outer num 40,bound outer num 45,bound outer num 50,bound outer num 55,bound outer num 60,bound outer num 65,bound outer num 70,bound outer num 75,bound outer num 80,bound outer num 85,bound outer num 90,bound outer num 95,bound outer num 100,feature 1,feature 2,feature 3,feature 4,feature 5,feature 6,feature 7,feature 8,feature 9,feature 10,feature 11,feature 12,feature 13,feature 14,feature 15,feature 16
8.0,1.199952828424406,0.6887957391882861,0.7015280497708709,-2.0,-2.0130644949611733,0.043949636328221686,1.9843795713624506,3.183525341052346,4.625659300182293,4.430025537489885,6.198633087990598,6.405174116276582,5.7497811627662525,7.604249342628153,8.236893326663298,9.165924622336059,10.842026563227005,10.654135410345386,9.677397831743415,9.031477522772999,8.101543406341435,6.75602416250652,3.721080612579294,69,5,6,9,1.0,2.6,3.6,4.8,7.2,8.2,10.8,13.0,14.4,18.6,20.6,22.6,25.6,27.0,27.0,27.0,27.0,27.0,27.0,27.0,1.0,2.0,2.0,2.0,2.0,2.8,3.8,5.6,6.0,6.4,7.0,7.0,7.0,7.0,7.2,8.0,8.0,8.6,9.0,9.0,43.83783783783784,124.46598050949265,124.45965876329804,41.027027027027025,55.75675675675676,71.48648648648648,98.27027027027027,156.86486486486487,236.16216216216216,0.016070124178232288,0.07304601899196493,0.2483564645726808,0.3798392987582177,173.68000862622722,97.3526822320947,9778.486584012207
9.0,4.1813341501616215,0.8742194632151935,1.0551683537706043,-2.0,-7.0,-12.0,-2.381964629303841,-5.410767541672955,-6.326890392723628,-6.181494743260716,-1.0350101280243578,0.5081051761711237,1.6943600043877978,1.3293341289431992,3.2685157914293312,2.5341014222486224,1.070001508614726,2.521017167446277,4.307226652077873,2.1626798378612477,1.0267320524706633,2.0421933403751042,2.910522661631282,79,12,14,11,1.2,2.6,3.8,6.2,8.4,9.0,9.0,10.0,10.4,12.0,13.6,14.0,14.2,15.0,15.0,15.4,17.0,19.4,20.0,20.0,0.6,1.8,3.0,3.0,3.8,4.0,4.0,4.0,4.8,5.0,5.0,5.0,5.8,6.0,6.0,6.0,6.0,6.0,6.0,6.0,76.48387096774194,161.96734882413026,148.62369874602322,62.193548387096776,92.06451612903226,103.3225806451613,143.70967741935485,206.2258064516129,274.19354838709677,0.004162330905306971,0.03121748178980229,0.1186264308012487,0.23100936524453694,211.8644445132205,94.24274618207873,9165.870536573468
11.0,1.4677244339711675,0.6545455695731338,0.6724000943215667,-2.0,-3.519170399999891,-5.402834289248082,-3.6185018930683484,-2.4624942985109883,-0.896108074106813,0.2617397080843439,0.8849603904324368,1.395677750133649,2.1330721967287305,2.211034493399933,2.5925058046718887,3.8657582770980623,4.1610535624195135,4.417203627684134,4.789510499576073,4.734427920294209,5.3575481495059,4.999200266511619,5.413007782961827,86,12,13,1,4.6,8.4,12.6,15.6,22.0,27.6,31.6,35.6,39.4,42.4,46.2,54.8,60.2,64.2,69.2,72.2,75.4,76.8,80.6,82.0,1.2,3.8,6.2,8.8,10.4,13.8,15.4,16.0,17.0,18.4,20.2,22.8,23.0,23.0,23.0,23.0,23.0,23.0,23.0,23.0,107.9758064516129,139.81060188200289,140.95189789585623,56.24193548387097,76.54838709677419,93.93548387096774,124.00806451612904,190.86290322580646,253.71774193548387,0.004682622268470343,0.02900624349635796,0.12083766909469303,0.25377211238293446,190.7636401327028,84.14642164469834,7290.243810776585
12.0,5.145228185789669,0.8712317380579957,1.1532818926659858,-2.0,-7.0,-10.462988931314488,-0.2661658909079989,1.5418218376791715,1.683527049506727,4.951614063082113,3.3343295108505018,3.4386567612165377,5.071003205145881,6.329021097455646,5.902584561422616,5.823428363046821,4.381168330450578,5.307433311014168,5.224808021892147,2.90750753985252,2.963653115392077,2.3628104736827624,1.8602241692309036,54,12,14,10,1.2,2.2,4.8,7.2,8.2,9.8,10.0,11.4,13.0,13.2,15.6,16.0,17.4,19.6,21.0,21.2,22.0,22.0,22.0,22.0,0.2,1.8,2.0,2.2,4.0,4.0,4.0,4.0,4.0,4.0,4.0,4.0,4.0,4.0,4.0,4.0,4.0,4.0,4.0,4.0,83.81818181818181,152.9597563758257,140.5475277178894,41.333333333333336,71.63636363636364,78.84848484848484,112.36363636363636,191.63636363636363,252.78787878787878,0.014692378328741965,0.05142332415059688,0.1891643709825528,0.3269054178145087,195.12807658890642,105.87878144000062,11822.282251153401
14.0,1.8179601030406285,0.6436555879833621,0.6703010369983846,-2.0,-3.818396413833342,-3.606798104623567,-1.9417121438832639,0.6063428225683225,2.0199445876227413,2.328833445001642,3.1033769869591596,3.3693220191007627,3.6293431426983913,3.785783808429092,4.75001492101232,5.031227862722867,5.585804472775064,5.723027910219289,5.757608534130893,5.128022390537998,5.124784406208971,5.00990248884988,5.026636335326458,77,9,11,1,10.2,18.8,21.4,24.2,28.4,33.4,36.2,40.2,44.4,51.6,54.4,56.8,61.4,68.2,72.8,75.6,77.6,81.0,83.6,85.8,0.6,3.4,6.0,6.8,8.0,8.0,8.0,8.2,9.0,9.0,9.0,9.6,10.0,10.0,10.0,10.0,10.0,10.0,10.0,10.0,62.63302752293578,135.5066227948052,135.84967334031208,49.357798165137616,66.93577981651376,84.43119266055047,111.21100917431193,179.348623853211,244.22935779816513,0.008248463934012289,0.04225233566198132,0.15352243077182054,0.30519316555845466,184.74021761001242,90.72988274073714,8564.009669120522
15.0,3.244437705608992,0.9409771553690283,1.055057596873108,-2.0,0.7639484464487257,2.2780844025527918,2.8535298111649943,2.062891729304627,0.40304069370935236,-0.37155832954296597,1.0356484949446396,3.171186683197938,3.8508949836331015,1.6150591666915162,1.8972642552461025,3.7367432383758854,2.907754545616328,1.9693089287567205,1.8430114927290588,1.6946312694446761,0.6702754617565375,1.482229118552297,1.436729929455194,46,4,6,2,0.4,3.6,4.0,4.8,6.2,9.2,10.0,10.8,11.0,11.8,12.2,16.0,19.8,20.0,20.4,22.4,23.0,23.8,24.2,25.6,0.8,2.2,4.4,6.0,6.0,6.0,6.0,6.0,6.0,6.0,6.0,7.0,7.0,8.0,8.0,8.0,8.0,8.0,8.0,8.4,77.78048780487805,160.32853650138208,152.2586497819456,64.46341463414635,91.58536585365853,106.97560975609755,134.34146341463415,202.70731707317074,269.219512195122,0.010707911957168352,0.03450327186198691,0.12254610350981558,0.2379535990481856,209.68060629466842,98.48113113824304,10073.472655102747
16.0,2.2319080197482,0.757053410822699,0.8253643387258681,-2.0,-7.0,-12.0,-5.034961785981607,-2.090487880619373,1.687380097445157,0.9290601361057895,0.6556249530956265,3.942860880538974,4.4999673272361616,4.847736623808205,2.675394065149155,1.8563187549544367,1.0510037961380447,1.566997085748929,1.4418190858334783,0.8447625370771874,0.1691993916859218,0.011682361685839738,-1.3920161950829453,45,13,15,11,1.2,3.0,3.8,5.6,7.6,8.4,10.0,11.0,11.6,12.8,14.6,16.2,17.8,18.6,19.0,19.0,19.0,20.0,20.0,20.0,1.8,3.0,3.4,4.0,4.0,4.6,5.0,5.0,5.0,5.2,6.0,6.0,6.2,8.0,8.0,8.6,9.0,9.4,10.0,10.0,46.03333333333333,100.44867636628156,103.1089757456586,42.233333333333334,54.733333333333334,69.9,93.83333333333333,133.8,189.13333333333333,0.01111111111111111,0.060000000000000005,0.22444444444444445,0.42,137.0832361085838,59.57945167108701,3645.631226963876
18.0,5.039530130111153,0.6239686557273048,0.7981359422014264,-2.0,-7.0,-6.2526623758912985,3.2678760775944795,2.498904346360053,0.6802251444909977,2.1911815812707625,5.211364912262431,7.917661833835233,8.715462190979995,9.141060604072326,9.80376176744709,10.26536292917046,10.180458438582466,10.62083677059594,10.550020835261554,10.648578367954055,11.155880636484738,10.646236242111517,11.516595833694506,86,11,12,9,0.0,0.0,1.4,2.0,3.0,3.2,5.0,5.0,5.0,5.8,7.2,8.6,9.0,10.6,11.0,11.8,13.4,14.0,14.0,14.0,2.2,4.6,6.8,7.0,8.0,8.6,11.0,12.2,13.6,15.0,16.0,16.6,17.0,17.8,18.8,20.0,20.2,21.2,22.0,22.2,111.26086956521739,179.50182496515623,174.32980693889317,72.43478260869566,95.78260869565217,112.19565217391305,150.80434782608697,233.6086956521739,287.95652173913044,0.006616257088846882,0.024574669187145556,0.08601134215500945,0.18620037807183365,235.7170262043822,104.7850278777626,11323.117645214852
19.0,3.0074881639784126,0.5313973424880062,0.5951984442657072,-2.0,-7.0,-1.899667935119132,7.241841184812185,12.840074024645201,18.50400873631748,19.254216101620415,19.49239847057317,20.725389656025534,18.977278470348477,19.33015954970251,19.735847509572686,19.904483717832147,20.393390294125215,18.766109122981817,20.25133783714788,22.97547012152047,21.7117442637578,21.717148777056025,22.120489656581057,81,8,13,6,0.0,0.0,1.2,5.6,8.0,8.8,11.8,12.6,14.0,14.4,16.8,21.4,23.4,24.0,25.8,26.0,26.6,27.6,29.0,30.8,1.4,3.0,3.4,4.0,4.0,4.0,4.8,5.0,5.0,6.2,7.0,8.4,9.0,9.0,9.0,9.0,9.0,10.0,10.0,10.0,99.73469387755102,137.1565463213212,131.73953519129236,61.63265306122449,79.48979591836735,100.89795918367346,128.0,178.79591836734693,232.85714285714286,0.012494793835901706,0.05247813411078717,0.1491045397750937,0.27905039566847145,187.60803874287268,86.84953413444238,7610.575773854893
20.0,1.9814938911987887,0.6555613186374911,0.6861324918934739,-2.0,-7.0,-9.101282529973755,2.178265019176564,3.8895527497546167,4.238872399964594,6.134881961001421,7.618083091360913,7.44381457797535,6.632800827886024,6.458622106793051,6.164503830639697,7.927394853388179,8.80827447932069,7.070667899592709,6.995766967708877,6.098398685037424,4.586077118935916,5.9692496125383006,6.968616850715307,67,11,13,10,1.0,2.4,3.6,5.2,6.0,7.6,8.8,10.0,11.0,11.6,13.0,14.0,14.0,15.4,17.0,18.0,20.8,22.0,23.2,25.0,0.0,0.6,1.2,2.0,2.0,2.0,2.0,2.0,2.0,2.2,4.6,6.6,7.0,7.0,7.0,7.0,8.0,8.0,8.0,8.0,77.5609756097561,145.0905413526176,145.30605352324991,64.29268292682927,85.6829268292683,100.36585365853658,130.09756097560975,193.0731707317073,252.82926829268294,0.009518143961927425,0.036882807852468766,0.12135633551457466,0.25580011897679955,201.20926108688275,95.63537400349462,9489.198554531722
21.0,0.8617592971386288,0.5342622766427398,0.5395030007932157,-2.0,-3.3006921447990947,-1.9855786194889646,-0.5781894614423436,-2.2354161940772657,4.137151241889301,6.997260336931656,7.101567213315482,11.356976394398457,13.351327166540903,15.551239524858072,16.715588341569717,17.49139214189413,19.658333359833417,19.608133102153797,20.81565924811505,23.30086037607847,24.866213128455154,26.31654885708026,26.297281354011364,89,6,7,10,0.6,2.2,5.0,5.6,8.2,10.4,11.6,12.0,12.6,14.0,15.0,15.6,17.0,17.0,17.0,18.2,19.8,20.2,22.2,24.4,0.0,0.0,1.0,1.0,1.0,1.6,2.0,2.0,2.0,3.0,3.0,3.6,5.0,5.0,5.0,5.0,5.4,6.0,6.0,6.0,104.6829268292683,130.622901235617,131.82138338622357,68.97560975609755,85.85365853658537,101.17073170731707,125.78048780487805,178.8048780487805,238.58536585365854,0.004759071980963712,0.032123735871505056,0.1403926234384295,0.29387269482450923,186.30850549765674,85.39746519165071,7378.530920267718
22.0,2.6094953624331745,0.6331808770039623,0.6901122300493445,-2.0,-7.0,-12.0,-17.0,-19.748955374140916,-7.415529994430633,-0.21540802578836918,-1.407859338018639,1.3153928615218333,2.8187881228960223,3.3193832810706936,6.018952049385416,8.998316326061218,8.483900526812747,7.971836936786431,8.365503443884919,9.257311489575958,12.320998202084349,11.11162152962651,10.970047868117064,86,21,24,20,2.0,4.0,4.4,6.8,8.0,8.0,8.0,8.0,8.8,9.0,10.4,11.4,12.6,13.4,14.8,16.0,17.6,18.0,18.6,19.0,0.0,0.2,1.0,1.0,1.0,2.6,3.4,4.0,4.6,5.0,5.8,6.0,6.0,6.0,6.0,6.0,6.0,6.6,7.0,7.4,100.87096774193549,137.23154983477434,137.9508883572083,60.354838709677416,81.48387096774194,92.80645161290323,121.12903225806451,186.93548387096774,248.80645161290323,0.0,0.02081165452653486,0.12903225806451613,0.2643080124869927,188.9534333128862,85.55761482349571,7598.727664132026
23.0,1.3937254218595174,0.6127926074085931,0.6313559437140438,-2.0,-7.0,-3.842342425064699,2.9707745852950804,5.81968763355271,7.956437191394116,8.355236998157377,7.788006130718552,6.98598825745817,7.997109422740185,8.471985241588216,8.084502978600428,8.435670584677869,8.283807387291821,8.244537542593761,8.454463659899968,8.519767057148197,7.584302244709514,8.204531230704267,9.127424753668972,29,9,11,7,0.2,1.4,2.0,3.6,7.6,9.4,11.8,13.6,17.8,20.6,22.6,24.0,25.8,26.6,28.0,29.0,30.4,32.6,33.2,34.2,1.6,3.2,4.0,4.0,5.0,7.0,7.0,7.6,8.0,8.0,8.0,8.0,8.8,9.0,9.0,9.0,9.0,9.0,9.0,10.0,78.76,113.98995460390279,119.28236854538576,47.82,66.08,82.82,105.04,159.68,212.84,0.0152,0.0472,0.16879999999999998,0.3344,158.87859991499516,69.32466325197842,4884.097783748326
24.0,1.3565007627012786,0.7713671686504291,0.7915761621558914,-2.0,-7.0,-4.709946762634852,-0.92980270969143,-0.9463422885398203,-2.0198354888872623,-0.19316709241804092,-1.76361226135581,-1.1245379205135506,-2.7168492570577727,-2.2583651909986004,-4.0118613420184985,-5.7791012925699565,-6.1765537381836495,-7.855635696885466,-8.796493318100062,-8.596520558944198,-5.312085841545596,-5.360130910625378,-5.77840100724192,30,9,11,7,2.2,6.0,8.2,11.4,13.0,13.0,13.8,14.2,15.2,16.4,17.4,19.8,21.8,22.2,24.4,25.0,26.0,26.2,27.0,28.2,0.4,2.0,3.0,3.0,3.0,4.8,5.0,5.0,5.0,5.6,6.0,6.0,6.0,6.8,7.0,7.0,7.0,7.0,7.0,7.0,55.1578947368421,123.80918226217105,123.43833688860161,45.026315789473685,70.42105263157895,89.8157894736842,116.55263157894737,168.78947368421052,230.07894736842104,0.008310249307479223,0.03601108033240997,0.12465373961218836,0.28116343490304707,169.93617613902498,73.09744824587771,5492.558191589248
25.0,4.077858266787692,0.5889516134890197,0.7393039667619392,-2.0,-7.0,-8.281775764271,-4.354289885928223,-3.237438942127754,-0.8903948493693399,1.4890168394731362,5.410822693551799,7.462578513807101,7.1641987254166875,6.723993684518109,7.3321130565197405,7.481003199194762,8.559792818923132,9.51420199718578,11.332956119734542,10.897515829758003,11.404015559388947,11.40285252953917,12.709571261481717,79,11,12,15,0.8,1.4,2.0,3.0,3.0,4.0,4.4,6.8,8.0,8.0,9.6,11.8,12.0,14.4,15.2,17.2,18.6,19.4,20.2,22.2,3.0,5.2,7.0,7.2,9.0,9.0,9.0,9.0,9.0,9.6,10.0,10.8,11.0,11.0,12.0,12.0,12.0,12.0,12.0,12.0,87.34146341463415,128.31235888600278,117.59179603512352,55.90243902439025,76.1219512195122,91.90243902439025,114.78048780487805,161.78048780487805,222.8048780487805,0.00594883997620464,0.04164187983343248,0.1618084473527662,0.33432480666270076,167.90353589435827,75.16967077865404,5803.141292713325
26.0,2.404739622143192,0.6361768156672073,0.6943323085262137,-2.0,-7.0,-7.748971224938481,-3.659969083925854,-3.1819718025774577,-1.1121066061196239,-0.05529461338547108,0.47330686526322124,-1.0911035960573756,-1.1086391547302483,-0.40696637154346577,-0.6312018592885039,-0.9932458366786647,1.184486222437826,1.0569775273428348,2.3815595198041337,2.341243153165581,3.761551026415043,5.358463197948817,6.03391281125694,89,10,15,8,0.6,3.8,5.4,6.0,6.4,7.4,9.6,11.0,11.0,12.6,13.2,14.8,17.8,20.6,22.2,23.8,24.8,25.0,27.4,28.4,2.2,5.0,6.0,6.0,8.6,9.2,10.0,10.0,10.0,10.0,10.0,10.0,10.0,10.0,10.0,10.0,10.0,10.0,10.0,10.0,72.58536585365853,118.2218326825406,119.67715540818403,55.75609756097561,71.8780487804878,86.97560975609755,110.92682926829268,159.70731707317074,212.0,0.004759071980963712,0.03569303985722784,0.1522903033908388,0.33075550267697795,159.59112522302323,67.81683093218258,4699.716305978345
27.0,2.746468352686628,0.6810030117831539,0.7605109438821033,-2.0,-3.1587162327729637,-0.9024858291216565,2.48343816456062,5.2447541022570165,4.81017151493272,3.2291828990918376,3.0245655439523005,2.7286578977826905,2.4023498628195226,4.36784625691003,4.38275725919524,3.22724167463993,2.652002758326236,2.017366602975011,1.4975316387747626,0.7559499105071097,2.767225260406852,3.957729539984439,3.8243501099518142,23,5,6,3,0.8,2.0,2.4,3.8,5.0,6.2,11.0,13.6,15.2,16.0,16.8,18.8,21.2,22.0,24.8,27.0,27.0,27.8,28.0,29.6,2.4,6.4,7.8,9.8,10.0,10.0,10.0,10.0,10.8,11.2,13.8,14.0,14.6,15.0,15.0,15.0,15.0,15.0,15.0,15.0,75.2156862745098,120.19619255455244,116.71989879806375,47.94117647058823,71.6078431372549,82.58823529411765,105.62745098039215,159.07843137254903,217.6078431372549,0.014609765474817378,0.04306036139946175,0.1514801999231065,0.340638216070742,161.41161071279538,71.10426778540467,5201.352326127028
28.0,0.8917845634349556,0.7487574739802149,0.7568923219844353,-2.0,-7.0,-5.141538756451623,-1.5704376929752422,2.18988238122786,1.7395805715698862,4.3175951619886614,4.396888879638794,2.937893257464185,4.227668264700448,2.1682837090187164,4.472435641718984,6.425646567288567,8.409471434725543,8.735077023538361,7.46090442455324,6.234535405541294,6.100878954818228,5.743113190660424,4.977009451187698,71,10,12,15,0.4,1.0,1.8,3.0,3.0,3.0,4.8,7.6,9.8,12.4,13.0,13.0,13.8,15.0,15.0,16.4,17.0,18.0,19.0,20.8,0.6,2.8,3.0,3.0,3.2,4.0,4.2,5.0,5.4,6.0,6.0,6.0,6.4,8.0,8.0,9.0,9.4,10.0,10.0,10.4,70.625,123.75871752409543,123.53230188652837,44.725,62.225,79.65,108.5,169.325,224.775,0.00875,0.045,0.17250000000000001,0.335,174.07854588137826,81.0477152150015,6738.075765840111
29.0,3.8923966459237334,0.46917378827130296,0.5913512904525432,-2.0,-2.4331195224300934,-4.104783524171403,-1.2011565987746717,1.8502648116698388,2.6467011967042744,2.4574298027502253,4.859959389380528,8.457194463680045,9.165927495301691,9.81469420788972,10.286210754530723,10.726749977359272,10.418726981636416,11.584199590882946,13.450694701507459,13.97921934508376,14.236560861706446,13.368655169348003,13.308382702668647,88,11,38,8,0.6,2.2,3.8,5.4,7.0,9.0,13.0,16.6,18.0,20.8,23.6,24.6,25.8,27.8,30.0,31.6,34.2,36.0,36.0,36.0,0.8,3.6,5.0,5.0,5.0,5.0,5.0,6.2,8.0,8.0,8.0,8.8,10.8,11.0,11.0,11.0,11.0,11.0,11.0,11.0,80.81481481481481,117.39232208037184,110.04722079171084,44.98148148148148,67.37037037037037,83.68518518518519,103.98148148148148,152.62962962962962,203.57407407407408,0.0075445816186556925,0.04526748971193415,0.17695473251028807,0.35665294924554186,154.08775283230096,67.3000459887057,4631.934754605795
30.0,1.8632228481849487,0.8885941882996111,0.9282362360304204,-2.0,-7.0,-10.37330890350807,-2.614934444139489,-2.5860873559072735,-3.8166617663901627,-2.1616963982792106,-4.3270285856081045,-4.521068401812774,-3.474627879067259,-2.0394593177097446,0.28058902270065855,0.09575182390268111,-0.4365985672206875,-0.6603242656017898,-1.3248532433440148,-1.198537322728032,-2.162958283565101,-2.423338122320388,-3.6385162868474397,57,12,13,10,0.0,0.8,3.2,5.4,6.2,9.8,11.8,14.8,18.4,19.0,20.4,22.8,23.0,24.2,26.0,26.0,26.6,29.6,31.0,31.4,1.0,2.0,2.0,2.8,3.6,4.0,5.0,5.0,5.0,6.0,7.0,7.0,7.0,7.6,8.4,9.8,11.2,12.0,12.0,12.0,57.608695652173914,127.97159412492495,130.29649973719214,54.391304347826086,70.04347826086956,82.02173913043478,108.73913043478261,167.47826086956522,235.58695652173913,0.00945179584120983,0.032136105860113416,0.1616257088846881,0.31947069943289225,179.67366921523336,89.23595978685792,8300.245677082503
31.0,1.400127465335589,0.639055240172009,0.6549371816545181,-2.0,-7.0,-7.562975175298473,-3.519751893125455,0.9276155048871104,4.859920968925168,5.974346062125105,7.974897451433373,7.321792528480671,7.482072449956055,8.699745989089841,8.770765809494822,8.961991359908751,10.466724215798436,10.451910014108503,11.210075782833362,13.506112388290566,12.824818668751373,13.723993576285668,13.87291681398248,81,10,11,8,0.8,2.2,3.4,5.2,6.0,7.6,8.8,10.0,10.6,11.4,13.6,15.0,15.6,16.6,20.8,22.0,22.0,24.0,26.8,27.6,1.2,3.8,4.6,5.0,6.0,6.0,6.2,7.0,7.0,7.0,7.0,7.0,7.0,7.0,7.0,7.0,7.0,7.0,7.0,7.0,66.13953488372093,130.68202027972623,130.01001836478784,59.72093023255814,75.95348837209302,97.06976744186046,117.53488372093024,172.86046511627907,231.09302325581396,0.005408328826392645,0.04542996214169821,0.16549486208761494,0.3212547322877231,184.43127504159818,91.45398746553964,8694.541496980477
32.0,2.414397958980511,0.9700253034959546,1.0615723101614043,-2.0,-7.0,4.030683751080332,0.4998190286367972,-2.296478055028505,-7.296478055028504,-6.101978897960782,-8.042516214357368,-9.134061148460159,-8.589881314564604,-9.261932038210748,-7.134299156941573,-5.582853718804058,2.6590415989663314,1.4773591942285775,0.48873132308186484,-2.94504889618687,-3.930411622079157,-5.529875759274745,-6.8601865700734495,12,45,9,6,0.0,0.0,3.0,4.0,4.6,5.0,7.6,8.6,9.2,10.6,11.0,11.0,11.0,11.0,11.0,11.0,11.0,11.0,11.0,11.0,0.0,1.0,2.0,2.6,3.6,5.0,6.0,6.0,6.0,6.0,6.0,6.0,6.0,6.0,6.0,6.0,6.0,7.0,8.0,8.0,36.421052631578945,107.94020131281577,109.19727764910134,39.21052631578947,60.21052631578947,78.3157894736842,109.47368421052632,157.52631578947367,208.31578947368422,0.0110803324099723,0.038781163434903045,0.1772853185595568,0.34349030470914127,153.9489497846138,63.92278883913042,4188.237207436366
33.0,1.659256111417179,0.633770296112937,0.6623647939255781,-2.0,-7.0,-4.685188917257582,-0.91373212225845,0.3969433969678313,1.7954721939895755,-0.3964225761462806,0.13836822941112814,0.5726020883072295,3.601840662404541,2.935391554799209,1.3191634326180464,3.2067090619165013,3.8414279917411163,2.316641312880307,2.447589133138808,2.131751693979666,4.021783016553073,3.404278976252064,2.4316966971319003,65,9,10,7,0.0,1.0,2.2,3.2,4.0,4.8,6.4,7.0,7.2,8.8,10.6,11.6,14.0,16.8,18.0,18.0,18.2,19.0,19.0,19.8,0.8,1.0,1.8,2.8,4.0,5.0,5.0,5.0,5.0,5.6,7.0,7.0,7.0,7.0,7.0,7.0,7.0,7.0,7.0,7.0,69.58620689655173,107.32761133066481,108.28720269548157,49.44827586206897,63.03448275862069,82.27586206896552,102.20689655172414,151.6206896551724,197.9655172413793,0.011890606420927468,0.04518430439952437,0.1807372175980975,0.37812128418549346,150.25283388845776,64.85922191281496,4296.330840486141
34.0,0.9267645366909352,0.6515297672294993,0.6587600022881831,-2.0,-7.0,-12.0,-12.431345346943036,-5.847366569619737,-8.6912996205916,-1.4894393399933379,1.5477271423082528,1.402225029297209,-0.5640725810989877,-3.0516495185725647,0.6380332253441537,2.2142376317080403,0.1862937121942508,-2.1430581749108937,0.6462527000322353,0.9048865883633311,2.113653860483507,4.367813615474335,3.4287682627910017,89,16,17,14,0.2,2.4,4.2,5.0,5.6,6.8,9.0,10.2,12.0,12.0,12.0,13.0,13.0,13.0,13.8,14.0,14.4,16.0,16.4,17.0,0.8,1.0,1.0,1.8,3.0,4.0,4.8,5.0,5.0,5.0,5.0,5.0,5.0,5.0,5.0,5.6,6.0,6.0,6.0,6.0,74.48148148148148,133.19296052029438,135.4167065816136,65.25925925925925,73.37037037037037,96.66666666666667,116.55555555555556,189.07407407407408,240.07407407407408,0.0027434842249657062,0.03840877914951989,0.1316872427983539,0.2908093278463649,185.58290284336047,85.22436950612612,7475.319354596144
35.0,3.933140502867145,0.6830359830976166,0.8748800643522712,-2.0,-7.0,-12.0,-17.0,-22.0,-27.0,-32.0,-19.61886378567781,-14.971432856862242,-4.030332651365687,-6.6933293233066635,-9.61241038141529,-4.255323729103817,-6.639347131010337,-7.826660026366696,-5.968044204254747,-4.215254796845514,-8.373866315843088,-11.234385647623913,-12.013702088858718,0,33,35,32,0.6,1.0,1.0,1.0,1.8,3.2,4.0,4.0,4.0,4.0,4.8,5.0,5.0,6.4,7.8,8.0,8.0,8.0,8.0,8.0,0.0,1.0,2.0,2.0,2.0,2.0,2.0,2.6,3.0,3.0,3.0,3.0,3.0,3.0,3.0,3.0,3.0,3.0,3.0,3.0,44.27272727272727,107.2430532146423,105.25431337319601,69.0,86.0909090909091,86.0909090909091,107.63636363636364,148.63636363636363,220.63636363636363,0.0,0.01652892561983471,0.18181818181818182,0.3471074380165289,147.5940808411246,57.013449874321765,3337.483399702443
36.0,1.4546926570576908,0.662786906633352,0.6844881527161977,-2.0,-7.0,-12.0,-9.443026442002104,0.878591348284948,-1.3594105196691793,-5.085101200027623,-4.510146455000212,-5.462297872085894,-7.81675860205129,-8.586132961655085,-7.851142655632548,-7.457985865250653,-6.382830963086906,-4.336523710794583,-4.133260209081138,-2.6135067905162996,-4.652091808406743,1.7869609326885552,-0.19289330956144113,22,15,16,13,0.4,1.8,3.0,3.6,4.0,4.8,6.0,6.0,6.0,7.6,8.0,9.8,12.0,12.0,12.0,12.8,13.0,13.8,14.0,14.0,0.6,2.0,2.0,2.0,2.8,3.4,4.0,4.0,4.0,4.0,4.0,4.2,5.0,5.0,5.0,5.0,5.6,6.0,6.0,6.0,44.35,113.40838326949083,113.1315643886517,43.75,64.3,79.85,103.5,160.8,207.25,0.01,0.035,0.15,0.31,158.6746526055859,66.27819208317578,4484.218063773382
37.0,3.487980242777818,0.6306078325746916,0.761261581078396,-2.0,-7.0,-10.624357701556876,-4.143355886963554,2.100240026819118,2.9853626272363143,1.7386488261243032,2.3057263412545708,2.560425915918182,2.256200465861562,2.8505127919360023,2.1849760336328843,1.630415886448091,0.10985711844604111,0.17718568560103734,-1.1731041527011854,-2.386373735521315,-1.2911550099018143,-1.4078459055295554,-2.260943281185237,50,12,14,10,1.2,3.8,5.4,7.0,8.6,11.0,12.6,14.8,17.4,21.6,23.0,23.4,24.0,24.6,25.0,25.4,26.2,28.0,28.0,28.0,0.2,1.6,2.0,3.2,4.0,4.0,4.0,4.0,4.0,4.0,4.0,4.0,4.0,4.0,4.2,5.0,5.0,5.0,5.0,5.0,44.333333333333336,108.82038495324336,105.03155417083006,37.93939393939394,56.06060606060606,65.78787878787878,95.72727272727273,145.15151515151516,190.24242424242425,0.01285583103764922,0.0679522497704316,0.19834710743801653,0.4168962350780533,144.08881048657562,68.83034267539487,4947.361509590876
38.0,2.2689229337829366,0.9052392072537115,0.9716931707706971,-2.0,-7.0,-10.850999245430998,-2.395186929683852,-2.4526554042044872,-4.2828309607331665,-3.954681812191172,-3.1473913209774054,-2.3043591058549993,-1.782134503160934,-1.0136638963688114,-2.9988500687651296,-2.867423966804117,-3.9113163002695854,-5.160695616029071,-6.24446534005572,-7.3534327635986925,-7.544359127758713,-8.39796283634359,-8.638376016186616,0,12,14,10,3.0,7.0,7.2,8.0,9.8,11.0,11.6,13.8,14.6,15.2,17.0,17.2,20.2,22.6,24.0,24.0,24.8,26.8,27.0,27.0,1.0,2.0,3.0,3.0,3.2,4.4,5.0,5.8,6.6,7.4,10.6,11.0,12.0,12.0,12.0,12.0,12.0,13.6,15.0,15.0,77.13953488372093,120.65461584304072,122.44814812207585,53.41860465116279,71.34883720930233,85.18604651162791,108.25581395348837,165.37209302325581,226.69767441860466,0.01081665765278529,0.04002163331530557,0.14818820984315845,0.3158464034613304,167.6874483520064,76.27882733872677,6015.027989983275
39.0,3.5664025689089915,0.799444908156308,0.9397614722159903,-2.0,-7.0,-12.0,-12.662094316777592,-2.162183904687054,-0.9851012781262682,-2.0402592865944187,-0.06393756029468137,0.16767517571084484,-3.727548125912186,-7.129456253521612,-7.891853950827444,-6.3753240507732745,-5.38496447794917,-4.444064497749568,-2.3892807133651415,-2.470213828870814,-1.760432143256594,-1.7994709591173517,-2.599089786852173,39,16,18,14,0.4,1.0,1.0,1.0,1.6,3.6,5.0,5.4,6.0,7.2,8.2,9.0,10.0,11.4,13.0,13.0,14.0,14.0,14.0,14.0,1.0,2.8,3.0,3.0,3.4,4.0,4.4,5.0,5.0,5.0,6.0,6.0,6.0,6.0,6.0,6.0,6.8,7.0,7.0,7.0,54.96153846153846,134.85142499401374,128.42904932058457,61.5,82.88461538461539,95.61538461538461,124.38461538461539,173.07692307692307,238.57692307692307,0.002958579881656805,0.038461538461538464,0.13609467455621302,0.2692307692307692,180.9940630243229,79.23946269377781,6472.876049016804
40.0,1.6358419613142259,0.6440819760909208,0.6921637578017015,-2.0,-7.0,-12.0,-17.0,-22.0,-27.0,-32.0,-37.0,-42.0,-47.0,-52.0,-57.0,-62.0,-67.0,-72.0,-77.0,-43.94797406599635,-17.189400400093277,0.9594860885824602,-1.512822640018996,0,78,80,77,0.8,1.0,1.0,1.0,1.0,1.0,1.0,1.0,1.8,2.0,2.0,2.0,2.0,2.0,2.0,2.0,2.0,2.0,2.0,2.0,0.0,0.0,0.0,0.0,1.0,1.0,1.6,2.0,2.0,2.0,2.0,2.0,2.0,2.0,2.0,2.0,2.0,2.0,2.0,2.0,26.0,66.93036687886006,66.02047445832083,85.5,85.5,85.5,85.5,99.75,139.75,0.0,0.0,0.0,0.5,107.73163380482977,23.799442418445757,735.5663816929122
41.0,2.2344896539293457,0.7654676850975449,0.8313316736609598,-2.0,-7.0,-7.736904737171732,-1.9467769631651284,1.005397825208248,3.1442822484802995,2.329874803365617,1.700422310510453,3.358602079351884,3.620882025571305,3.4165820005852128,3.6094289924569267,2.04977650161221,1.8888080191668053,0.3034753745995033,-0.0441625981457463,0.3291252105415907,1.510164018533527,1.459558339121557,1.6826770731314524,55,10,12,8,0.2,1.6,3.8,4.8,5.8,8.2,10.0,11.8,14.8,16.8,18.8,22.8,25.0,26.0,27.2,28.4,30.0,30.0,31.0,32.2,2.0,4.6,6.0,6.0,6.0,6.2,7.0,8.0,10.0,13.2,14.4,15.0,16.0,16.0,16.2,17.0,17.0,17.2,18.0,18.0,58.588235294117645,102.89306871466754,101.68278929103478,40.3921568627451,60.96078431372549,71.90196078431373,93.01960784313725,140.50980392156862,191.2549019607843,0.012302960399846213,0.05997693194925029,0.20530565167243367,0.42522106881968474,141.64180978703752,63.48198733474584,4135.515146109302
42.0,2.158955376920626,0.3244359296616722,0.3602120113619909,-2.0,-4.7640870600050205,1.9580010920691566,3.490512579088204,8.309664060638294,9.355114558684019,10.374408715180012,15.816230704586081,17.615452261185542,18.517318830834057,17.24090525274454,19.610056043907772,19.317299079125853,20.618020605542497,21.74116633842268,22.473254631209524,21.776398348112217,21.614582607163776,19.444641044120424,20.68911791666291,79,7,8,5,2.6,5.2,6.0,6.0,6.0,6.0,6.0,7.2,8.2,9.8,11.0,13.6,14.8,16.0,17.4,19.6,20.0,20.0,20.0,20.0,0.0,0.0,0.0,0.0,0.0,0.2,1.0,1.0,1.0,1.0,1.0,1.4,2.0,2.0,2.0,2.0,2.0,2.0,2.0,2.0,51.95454545454545,78.30645048092448,79.1825434674368,49.09090909090909,57.0,63.36363636363637,78.31818181818181,107.9090909090909,154.0,0.02066115702479339,0.10330578512396693,0.3347107438016529,0.5619834710743802,114.7889551749293,51.449315764167956,2735.3754958414825
45.0,7.078411252165859,0.8642237268904789,1.6977845040077075,-2.0,-7.0,-12.0,-17.0,-22.0,-27.0,-32.0,-37.0,-42.0,-47.0,-33.54887812532057,-10.872195313301432,-0.1331846234126232,5.359489169846583,0.35948916984658297,-1.285484566680097,7.1346204872131835,2.1346204872131835,-2.8653795127868165,-7.8653795127868165,64,50,52,49,0.8,1.0,1.0,1.0,1.0,1.0,1.0,1.0,1.0,1.8,2.0,2.0,2.0,2.0,2.0,2.0,2.0,2.0,2.0,2.0,0.4,1.4,2.0,2.0,2.0,2.0,2.0,2.0,2.0,2.0,2.0,2.0,2.0,2.0,2.0,2.0,2.0,2.0,2.0,2.0,19.0,131.1175407438772,97.62682221503303,99.6,99.6,99.6,119.4,169.4,262.4,0.0,0.0,0.24000000000000005,0.32,162.64917273922873,64.35599643763167,4750.009588342328
46.0,4.308849817638713,0.5743902597542352,0.806030613143223,-2.0,-7.0,-9.156589285007659,-4.8106393409764685,-3.1530468435514107,-1.527878728215056,-1.3349520779599715,-0.6130523349535579,1.6000715548081401,2.4827390909355147,3.7681926741129756,3.1134480632414365,3.666400754839998,3.627419079714741,2.5893135454559855,1.825807688614367,2.049606747997623,1.451391021950485,0.5809881431535757,0.8612793294475466,52,11,13,9,2.6,6.2,8.0,12.4,17.6,19.0,19.4,24.2,26.0,26.4,29.8,31.6,32.0,33.6,34.0,34.0,34.4,35.0,35.0,35.0,0.6,2.0,2.6,3.4,4.0,4.0,4.0,5.0,6.0,6.0,6.0,6.0,6.0,7.0,7.0,7.0,7.0,7.0,7.0,7.0,102.97619047619048,97.45571432002168,87.7124208538473,40.54761904761905,51.95238095238095,61.61904761904762,80.97619047619048,120.21428571428571,162.02380952380952,0.01020408163265306,0.07029478458049886,0.264172335600907,0.5192743764172336,121.86582220270842,53.18955277956469,2922.6500740097176
47.0,1.034521040152366,0.6567873245970787,0.6684346648396334,-2.0,-7.0,-7.19750373147978,-6.731921100403808,-2.1403045536463496,-1.7793930831211142,-0.7355129863131594,2.276538618561942,-0.5340269997698954,0.6143132881432749,0.37509782054127355,0.8870213337464392,1.8368151454477342,3.39928845562319,2.523768915559421,3.8316046841414306,4.153259130157119,4.8485429654223395,3.8510877666935186,3.341970877499756,79,10,18,14,2.6,4.0,5.2,8.0,9.4,10.6,11.6,12.8,13.0,13.0,14.6,16.8,17.0,17.0,17.8,18.0,18.0,18.0,18.0,18.0,1.4,3.0,3.6,4.4,6.6,7.8,8.0,8.0,9.4,10.0,10.0,10.0,10.0,10.0,10.4,11.0,11.0,11.0,11.0,11.0,48.5,104.71768754535259,105.80935013586766,44.666666666666664,55.9,75.96666666666667,97.23333333333333,142.3,196.53333333333333,0.008888888888888889,0.05333333333333334,0.22222222222222224,0.4,145.3256113580963,64.58165360346798,4313.798567832294
48.0,2.0869534887519996,0.880275115924779,0.9503923667983554,-2.0,-7.0,-1.4964820972831905,0.7138484691175734,3.044145487908792,0.445256898291894,1.3628875660970436,-1.4025578537706038,-0.23689717074397407,-0.7250298422022624,-1.0918715654436042,-2.1865602276801313,0.22284201542309603,-2.041698910544153,-4.927025098214645,-5.814053485251776,-7.303792767005925,-8.666329109080035,-11.165449418354566,-14.614346313409271,21,9,11,7,0.8,1.4,2.0,3.2,4.6,7.6,9.0,9.0,10.4,11.8,13.2,14.8,15.0,15.0,15.6,16.0,16.0,16.0,16.0,16.0,0.2,1.8,2.0,2.0,2.0,2.8,4.0,4.0,4.0,4.0,4.0,4.0,4.0,4.4,5.0,5.0,5.0,5.0,5.0,5.0,38.57142857142857,93.96602912353138,96.43858776414982,42.04761904761905,52.333333333333336,66.38095238095238,84.04761904761905,137.52380952380952,181.57142857142858,0.027210884353741496,0.07709750566893424,0.25850340136054417,0.4308390022675737,131.46834047357254,62.28069530733538,4050.859327111241
49.0,2.2944372085969924,0.8952348104901255,0.9686469991805354,-2.0,-7.0,-12.0,-6.140259393459237,-4.727497486488238,-2.656104871307553,-2.5250762760782117,-3.4803367013226447,-2.522932695744623,-2.6048831547728684,-1.9176728146908886,-3.3601786761149923,-3.1341076228852445,-3.7872189822712583,-3.4480530790493504,-2.3299509624809955,-4.13608394958996,-5.750529221093527,-6.12502970658073,-8.511803657115696,0,14,15,12,0.0,0.8,2.0,2.0,4.2,5.6,7.0,7.4,9.0,9.0,9.8,11.0,11.0,11.0,11.0,11.0,11.0,11.0,11.0,11.0,0.2,2.8,3.8,4.2,7.0,8.0,8.0,8.0,8.0,8.0,8.0,8.0,8.0,8.0,8.0,8.0,8.0,8.0,8.0,8.0,32.36842105263158,109.48281412910193,108.31016545994953,35.421052631578945,44.8421052631579,56.526315789473685,80.36842105263158,149.47368421052633,228.73684210526315,0.016620498614958446,0.06648199445983378,0.23822714681440443,0.4265927977839335,149.4192636397489,76.9898826197065,6339.303871973752
50.0,3.5066668357172706,0.6433105923316323,0.7745949396576122,-2.0,-7.0,-3.6708355314735996,-0.5614597272814918,2.4476224585059105,5.949214421406705,6.66563275207911,5.9438897176224,7.093726396073045,8.405418942056203,9.653771674649654,11.748879753763765,11.214730821058883,10.677184508545988,10.7379463623357,13.84163531624614,14.708336189013417,13.48752002505459,12.326566365022682,11.367911675017638,79,8,9,6,2.4,9.0,9.0,9.0,10.2,11.8,12.0,13.8,15.2,16.8,17.6,19.0,20.8,22.0,22.0,22.0,22.0,22.0,22.0,22.0,0.2,2.0,2.0,2.0,2.0,2.0,2.0,2.0,2.0,2.6,4.0,4.0,4.0,4.0,4.6,5.6,8.4,9.0,9.6,11.0,114.58823529411765,117.55827887445159,106.61971865804422,43.088235294117645,64.76470588235294,80.91176470588235,100.05882352941177,141.61764705882354,201.55882352941177,0.01384083044982699,0.06401384083044982,0.2370242214532872,0.40657439446366783,150.5823072716179,68.88851780662333,4871.504261474653
51.0,2.5939245233468484,0.36745338328575666,0.4369589075011507,-2.0,-7.0,-6.57285265154888,3.091422946969054,2.1430341454632753,0.6942800932838082,-3.6517897745598566,2.5025350284365673,5.408106790626176,3.9853138197363007,4.315470683707654,3.754441888859458,5.855064861148273,3.085895013508133,2.721634387145778,3.9904023281734737,2.4694804542782975,1.5958676613588891,2.5080971587590453,5.299928193075755,61,11,12,9,1.0,2.4,3.8,4.0,4.6,6.8,7.0,7.0,7.0,7.0,8.4,9.0,9.8,11.0,11.0,11.8,12.0,12.0,12.0,12.0,0.2,1.8,2.0,2.0,2.0,2.0,2.0,2.0,2.0,2.0,2.0,2.0,2.0,2.0,2.0,2.0,2.0,2.0,2.0,2.0,35.714285714285715,73.49993598950934,70.15878182305055,29.142857142857142,49.857142857142854,61.785714285714285,68.5,101.35714285714286,140.35714285714286,0.030612244897959183,0.09183673469387754,0.30612244897959184,0.6122448979591837,99.38539569512025,39.56477455287931,1621.7022999025507
52.0,5.166039295585368,0.26674139932318824,0.6652395684265576,-2.0,-7.0,-12.0,-2.6730313562667734,1.8782810728887114,-3.1217189271112886,2.6668081460979165,8.406638698616593,9.60537834097488,7.59471419439374,7.0787179745220286,7.187713568786729,7.511908008109822,3.523644393299051,5.693191966427525,8.674789923651119,7.104963129271115,6.253397763520439,8.466545512883727,3.4665455128837266,40,14,16,13,0.8,3.6,4.0,4.0,4.0,4.0,4.0,4.0,4.0,4.0,4.0,4.0,4.0,4.0,4.0,4.0,4.0,4.0,4.0,4.0,0.0,0.0,1.0,1.0,1.0,1.0,1.0,1.4,2.0,2.0,2.0,2.0,2.0,2.0,2.0,2.0,2.0,2.0,2.0,2.0,69.33333333333333,59.73151015744106,72.2026918483927,33.333333333333336,33.333333333333336,33.333333333333336,50.833333333333336,66.33333333333333,94.83333333333333,0.05555555555555555,0.2222222222222222,0.611111111111111,0.8333333333333334,66.11153583985275,24.25250388258736,629.9178614307613
54.0,2.6145573687624193,0.8413076204289115,0.97009869689935,-2.0,-7.0,-12.0,-2.9214697814941832,-0.7714240301692243,-4.869781577154306,-4.84607713749795,-2.6853557035468354,-3.743139654258762,-6.048598485705621,-3.425679619102856,-4.520704673190593,-0.867412071491431,-0.9677180719518503,-3.7621326921954674,-6.408910330135782,-9.571139805131537,-10.819888702022613,-10.875633151246756,-10.393692239183562,63,13,15,11,0.6,2.0,4.0,5.6,7.8,8.6,10.0,10.0,10.0,10.0,10.0,10.0,10.0,10.0,10.0,10.0,10.0,10.0,10.0,10.0,2.8,5.0,5.0,6.0,6.0,6.0,6.4,7.0,7.0,7.0,7.0,7.0,7.0,7.0,7.0,7.0,7.0,7.0,7.0,7.0,50.1764705882353,82.91131349397354,83.8937531769641,29.58823529411765,43.11764705882353,54.88235294117647,76.29411764705883,119.94117647058823,159.76470588235293,0.02768166089965398,0.08996539792387542,0.2906574394463668,0.5605536332179931,112.29718023535231,50.770889108122354,2739.94279108947
55.0,0.49320683495775947,0.9400351100083744,0.9441246622282372,-2.0,-7.0,-12.0,-6.5632654161570345,-0.21546201471607632,0.5012450314940253,-0.7718583974705083,0.13146832774327494,-0.9715729163648945,-1.992899192104879,-2.335292251542529,-2.1914148956316892,-4.572298997827491,-4.043253480982169,-4.9404090533494465,-7.936954693017654,-8.879076072480165,-9.928263548364185,-12.33516713801069,-12.606348833147607,26,14,16,12,1.8,6.8,8.2,9.0,9.2,10.8,11.2,12.0,13.0,15.0,16.4,18.4,19.0,19.0,19.0,19.0,19.0,19.0,19.0,19.0,0.0,0.0,0.0,0.2,1.4,2.0,2.0,2.4,3.0,3.2,4.0,4.2,5.0,5.2,6.0,6.0,6.0,6.0,6.6,7.0,56.11538461538461,88.71163773246992,88.15477921296082,37.34615384615385,48.30769230769231,54.80769230769231,77.92307692307692,117.73076923076923,170.26923076923077,0.02366863905325444,0.10355029585798817,0.2958579881656805,0.5118343195266272,127.16614935962129,63.40059699325782,4171.286789479138
56.0,2.5986858652165745,1.067858435453543,1.189272111415318,-2.0,-7.0,-10.57991002680201,-4.01148167602737,-3.787633774866502,-5.384309049858251,-4.229991504833993,-2.4966450567689242,-1.1740531938504517,1.3890789714308511,-0.07869177764126789,-1.884379181919229,-1.1185837397249259,-0.715527940820931,-2.1144874136150036,-3.263521340307821,-3.892772380692546,-4.977164977029133,-6.2293266679501045,-8.495056750500998,47,12,14,10,1.6,3.6,5.2,6.4,7.0,8.0,10.8,12.0,13.8,16.0,16.0,16.4,17.0,17.0,17.0,17.0,17.0,17.0,17.0,17.0,0.6,1.0,1.0,1.0,1.0,1.0,1.0,2.0,2.0,2.0,2.0,2.2,3.0,3.8,4.8,5.0,5.0,5.0,5.4,6.0,54.107142857142854,107.95663504181998,107.64478706557794,39.892857142857146,50.035714285714285,71.57142857142857,84.03571428571429,135.0,193.85714285714286,0.01020408163265306,0.06377551020408163,0.2270408163265306,0.4413265306122449,143.28219629510002,70.22623648389013,5193.277827899678
57.0,0.9144216350543464,0.7621505740210444,0.7741343904843468,-2.0,-7.0,-12.0,-0.4216413530818208,-3.221616928287446,-8.221616928287446,-3.7073355158460943,-2.900757246625345,-4.427074810092876,-5.398663376739393,-5.018404876063075,-3.484302101593106,-4.774415774729398,-3.851681174277567,-5.28577969995583,-6.186033653361875,-9.411923190725181,-6.884067050523086,-8.729566953966,-11.38104494345966,17,12,14,11,0.2,1.8,2.2,3.0,3.2,4.8,5.0,5.0,5.0,5.0,5.0,5.0,5.0,5.0,5.0,5.0,5.0,5.0,5.0,5.0,1.8,3.8,4.0,4.0,5.0,6.6,7.2,8.0,8.0,8.0,8.0,8.0,8.4,9.0,9.8,11.0,11.0,11.0,11.0,11.0,42.5,92.29362362613622,94.49926106735992,46.0,59.1875,71.0,84.375,132.3125,172.0625,0.0234375,0.0625,0.203125,0.4453125,132.60638641477757,53.887028930955005,2970.6649335994157
58.0,3.5751503426995743,0.48556324307639415,0.6586649748808832,-2.0,-7.0,-12.0,-3.2547083598703863,-1.6940085103446136,-2.860084275300389,-1.9318829166641855,3.664537973440835,1.3386341098680148,3.9342577509877144,6.306585028466405,4.710612069087427,5.5496223328927385,7.642313384458563,10.47683526476998,8.801614898155842,6.2416697589606915,6.021780312118525,5.742599701401758,4.998454065302854,70,13,14,11,0.0,0.0,1.0,3.0,4.0,4.0,4.8,5.8,6.0,6.0,6.0,6.0,6.0,6.0,6.0,6.0,6.0,6.0,6.0,6.0,0.2,2.0,2.8,3.2,4.0,4.0,4.4,5.0,5.0,6.2,7.0,8.0,8.6,9.8,10.0,10.0,10.0,10.0,10.0,10.0,49.4375,78.10951042424361,92.3092562164985,33.75,45.4375,55.0,63.6875,95.375,133.6875,0.015625,0.09375,0.3828125,0.6015625,98.83013840331922,41.336891919116894,1807.181240407231
59.0,0.23154165990803216,1.1065793241274973,1.1072902830126612,-2.0,-7.0,-12.0,-1.0743565488969224,6.564191700404983,5.983087534825785,0.9830875348257848,-3.2378224793365122,-5.1214625359857,-6.713979125037025,-2.8097041337622755,-4.542020935901516,-5.040852546441594,-1.910159786685854,-6.368033094670423,-10.455502970962746,-11.070815945800401,-14.047106476455724,-16.957973918816734,-18.2295433891914,20,89,15,12,0.0,0.0,0.0,0.0,0.0,0.0,0.0,0.0,0.0,0.0,0.0,0.0,0.0,0.0,0.0,0.0,0.0,0.0,0.0,0.0,0.2,1.4,2.0,2.0,2.8,4.0,4.0,4.0,4.0,5.8,7.2,8.0,8.0,8.0,8.4,10.0,10.0,10.4,11.8,12.0,55.294117647058826,151.00291060247676,155.18493920375352,45.76470588235294,74.6470588235294,97.82352941176471,129.94117647058823,221.76470588235293,277.2352941176471,0.01384083044982699,0.03460207612456748,0.11072664359861592,0.22145328719723184,204.8756553749834,92.15549836363186,9096.380221383615
60.0,3.8049342135701685,0.9519861349997758,1.204503671080816,-2.0,-7.0,-12.0,-17.0,-22.0,-27.0,-32.0,-37.0,-42.0,-47.0,-34.585421322357206,-13.463553305893,-18.463553305893,-23.463553305893,-28.463553305893004,-18.19954558672889,-11.712887067504775,-9.760545562998303,-14.760545562998303,-11.40079518553562,0,50,52,49,0.2,1.0,1.0,1.0,1.0,1.0,1.8,2.0,2.0,2.0,2.0,2.0,2.0,2.0,2.0,2.0,2.0,2.0,2.0,2.0,0.0,0.0,0.0,0.0,0.0,0.0,1.0,1.0,1.0,1.4,2.2,3.0,3.0,3.0,3.8,4.0,4.0,4.0,4.0,4.0,30.833333333333332,105.45270118800097,107.58272067085045,76.83333333333333,76.83333333333333,76.83333333333333,104.33333333333333,154.5,243.83333333333334,0.0,0.0,0.1111111111111111,0.3333333333333333,150.34779997532368,59.92777410388383,3916.212430018011
61.0,0.34886102237825334,0.7004725486731332,0.7023617939961536,-2.0,-7.0,-1.9941028400273821,8.873113172546761,10.007565301735685,9.500725317150069,9.064313695098907,6.825152226673649,3.4198560129159956,0.46060245589229254,1.3647160564309089,-0.4287414161182511,-1.091670674383188,-2.7002867432941144,-6.37475930093579,-9.203002804739754,-12.515672885792696,-17.515672885792696,-21.271733946023357,-21.659999358421913,18,89,12,8,0.4,1.6,2.0,2.2,3.0,4.4,7.0,7.8,8.0,8.0,8.0,8.0,8.0,8.0,8.0,8.0,8.0,8.0,8.0,8.0,0.0,0.0,0.0,0.0,0.0,0.0,0.0,0.0,0.0,0.0,0.0,0.0,0.0,0.0,1.0,1.0,1.0,1.0,1.0,1.6,47.1,65.34092235364974,83.29872071874073,28.3,28.3,55.7,64.0,92.1,167.0,0.08,0.2,0.42000000000000004,0.5599999999999999,103.60689231647822,55.21691611811516,3119.437738890575
63.0,6.028316288904326,0.5704593363662908,0.9464593600846403,-2.0,-7.0,-12.0,11.97122853961839,6.971228539618392,1.9712285396183908,-3.028771460381609,-8.02877146038161,-3.6504328991616246,-2.398207191681635,-7.398207191681635,-5.79347581197005,-6.390321558828994,-11.390321558828994,-0.22922349331745123,-0.8892555914732412,2.6002568019175127,1.056695836406817,-2.974965519764433,4.312443943607079,17,12,14,11,0.0,0.2,1.0,1.0,1.0,1.0,1.0,1.0,1.0,1.0,1.0,1.0,1.0,1.0,1.0,1.0,1.0,1.0,1.0,1.0,0.0,0.0,0.0,0.0,0.0,0.0,0.0,0.2,1.0,1.0,1.0,2.0,3.0,3.0,3.0,3.0,3.0,3.2,4.0,4.0,50.44444444444444,126.74433812594316,153.97562324370546,58.77777777777778,58.77777777777778,93.33333333333333,113.33333333333333,165.66666666666666,212.11111111111111,0.024691358024691357,0.024691358024691357,0.14814814814814814,0.37037037037037035,157.60337076613808,70.40658761404319,5164.439661573896
65.0,1.1795589936330542,0.7200191662041854,0.7416441895903042,-2.0,-7.0,-12.0,-17.0,-22.0,-27.0,-32.0,-37.0,-42.0,-47.0,-52.0,-57.0,-62.0,-67.0,-72.0,-35.67465580937164,-13.124426348952724,-18.124426348952724,-23.124426348952724,-28.124426348952728,0,74,76,73,0.6,1.0,1.0,1.0,1.0,1.0,1.0,1.2,2.0,2.0,2.0,2.0,2.0,2.0,2.0,2.0,2.0,2.0,2.0,2.0,0.0,0.0,0.0,0.0,0.0,0.0,0.0,0.0,0.0,0.0,0.0,0.0,0.0,0.0,0.0,0.0,0.0,1.0,1.0,1.0,52.333333333333336,85.90738434424804,77.94555038909773,103.33333333333333,103.33333333333333,103.33333333333333,103.33333333333333,186.66666666666666,300.0,0.0,0.0,0.2222222222222222,0.2222222222222222,144.50295413884223,41.74722835588461,1989.1721838607436
66.0,2.5891533056101967,0.8619069291804164,0.9690697379171754,-2.0,2.841208276333721,0.30151034541715127,1.7237991795738108,1.4711435794405574,0.4916530013207051,0.30296104340409186,-3.0178010972938623,-5.450065625747767,-5.353143930117525,-4.717871466474422,-3.98837569901508,-5.978119676025836,-8.40779234328091,-12.623654954159518,-15.63370609132495,-12.567794097155204,-12.07748671341922,-15.717943864940267,-18.556143948629032,7,77,5,2,1.2,6.2,7.0,7.0,7.0,7.0,7.0,7.0,7.0,7.0,7.0,7.0,7.0,7.0,7.0,7.0,7.0,7.0,7.0,7.0,0.0,0.4,1.0,2.0,2.8,3.0,3.0,3.4,4.0,4.0,4.0,5.0,5.0,5.6,6.0,6.0,6.0,6.0,6.0,6.0,60.38461538461539,90.67061411315369,93.02212348973464,30.846153846153847,51.92307692307692,51.92307692307692,80.0,131.76923076923077,168.15384615384616,0.03550295857988166,0.08284023668639054,0.27218934911242604,0.46153846153846156,126.96423802922817,63.068152221484056,4059.808538479029
67.0,2.5035505736396115,0.9747730299435312,1.102591650560182,-2.0,-7.0,-12.0,-17.0,-22.0,-27.0,-32.0,-37.0,-42.0,-47.0,-52.0,-57.0,-11.160844572510273,-9.226980639339025,-14.226980639339024,-19.226980639339025,-24.226980639339025,-29.226980639339025,-34.226980639339025,-39.226980639339025,0,57,60,56,0.0,0.6,1.0,1.0,1.0,1.0,1.0,1.0,1.0,1.0,1.0,1.0,1.0,1.0,1.0,1.0,1.0,1.0,1.0,1.0,0.0,0.0,1.0,1.0,1.0,1.0,1.0,2.0,2.0,2.0,2.2,3.0,3.0,3.0,3.0,3.0,3.0,3.0,3.0,3.0,25.0,82.9423939161986,95.74421273772904,78.5,78.5,78.5,78.5,119.0,198.5,0.0,0.0,0.25,0.375,131.39005472882732,51.74382563976717,2959.0874437905377
68.0,7.439750879435136,0.40568504228886987,0.9871918970722874,-2.0,-7.0,-12.0,-17.0,-22.0,-7.9869898427539425,-12.986989842753943,-12.665304103042397,-0.9971653701890574,4.559982752922856,0.917532370029862,-2.0461432043096295,-3.8560155392960214,-1.9716900497127199,-0.6925885571816309,4.739510993722891,4.772294597138003,2.118781217149896,3.9104097468152417,4.246823558713899,75,22,24,21,0.0,0.0,0.0,0.0,0.0,0.0,0.0,0.0,0.0,0.0,0.0,0.0,0.0,0.0,0.0,0.0,0.0,0.0,0.0,0.0,1.4,2.0,2.0,2.8,3.0,3.0,3.8,4.0,4.0,4.0,4.0,4.6,6.0,6.0,6.0,6.0,6.4,7.8,8.0,8.0,58.61538461538461,111.0645333332068,148.67881338574855,48.15384615384615,68.61538461538461,68.61538461538461,97.07692307692308,137.69230769230768,175.6153846153846,0.0,0.02366863905325444,0.18934911242603553,0.46153846153846156,129.3802100123992,48.72916910445848,2443.0562258742257
69.0,7.6279038840779485,0.714664833744154,1.522454570959614,-2.0,-7.0,-6.344079543861288,13.692451660476257,18.343849179607055,19.210738496984877,18.121998041903424,13.121998041903424,17.01739355725838,12.01739355725838,10.868007887613844,11.64392938314704,6.643929383147039,9.0049616837775,13.391440796532128,10.277996055931382,5.277996055931382,1.9827705304987517,3.8018684287682305,-1.1981315712317695,28,11,13,10,1.2,3.0,3.0,3.0,3.8,4.0,4.0,4.0,4.0,4.0,4.0,4.0,4.0,4.0,4.0,4.0,4.0,4.0,4.0,4.0,0.0,0.0,0.6,1.0,1.0,1.0,1.0,1.0,1.0,1.0,1.0,1.0,1.0,1.0,1.0,1.0,1.0,1.0,1.0,1.0,23.333333333333332,134.53977442140604,87.68922061138193,70.16666666666667,70.16666666666667,70.16666666666667,79.0,90.33333333333333,233.66666666666666,0.16666666666666666,0.2222222222222222,0.4444444444444444,0.611111111111111,136.17343970472183,82.3534205334082,7533.170065358089
